filename,source_path,method,threshold,status,input_bytes,reference_bytes,reference_width,reference_height,output_bytes,output_width,output_height,format,output_path,percentage_reduction,compression_ratio,ssimulacra2,psnr,butteraugli,encode_time_ms,selected_quality,subsampling,encoder,candidate_bytes_ge_original,used_original_fallback,reference_path,near_threshold_review
20150506_192925.jpg,C:\Users\LENOVO\Desktop\kyapture\benchmark-artifacts\jpeg-quick-screen\work\0015_20150506_192925_d3d9d976\attempt-002\input\20150506_192925.jpg,current,,selected,2132094,6986101,2448,3264,835425,2448,3264,JPEG,C:\Users\LENOVO\Desktop\kyapture\benchmark-artifacts\jpeg-quick-screen\work\0015_20150506_192925_d3d9d976\attempt-002\outputs\0001_20150506_192925_5343bc95_current.jpg,60.81669007088806,2.5521070114013824,82.86539405,43.32696976197421,,10254.646400004276,84,420,current,False,False,C:\Users\LENOVO\Desktop\kyapture\benchmark-artifacts\jpeg-quick-screen\work\0015_20150506_192925_d3d9d976\attempt-002\references\0001_20150506_192925_5343bc95.png,True
20150506_192925.jpg,C:\Users\LENOVO\Desktop\kyapture\benchmark-artifacts\jpeg-quick-screen\work\0015_20150506_192925_d3d9d976\attempt-002\input\20150506_192925.jpg,mozjpeg,80.0,selected,2132094,6986101,2448,3264,583566,2448,3264,JPEG,C:\Users\LENOVO\Desktop\kyapture\benchmark-artifacts\jpeg-quick-screen\work\0015_20150506_192925_d3d9d976\attempt-002\outputs\0001_20150506_192925_5343bc95_mozjpeg_t80_0.jpg,72.62944316713991,3.6535610367978943,80.97429705,42.517177947043905,,2198.5814000072423,83,420,mozjpeg,False,False,C:\Users\LENOVO\Desktop\kyapture\benchmark-artifacts\jpeg-quick-screen\work\0015_20150506_192925_d3d9d976\attempt-002\references\0001_20150506_192925_5343bc95.png,True
20150506_192925.jpg,C:\Users\LENOVO\Desktop\kyapture\benchmark-artifacts\jpeg-quick-screen\work\0015_20150506_192925_d3d9d976\attempt-002\input\20150506_192925.jpg,mozjpeg,85.0,selected,2132094,6986101,2448,3264,896755,2448,3264,JPEG,C:\Users\LENOVO\Desktop\kyapture\benchmark-artifacts\jpeg-quick-screen\work\0015_20150506_192925_d3d9d976\attempt-002\outputs\0001_20150506_192925_5343bc95_mozjpeg_t85_0.jpg,57.940175245556716,2.377565778835914,86.24694324,44.49924337257627,,3876.4152999938233,90,420,mozjpeg,False,False,C:\Users\LENOVO\Desktop\kyapture\benchmark-artifacts\jpeg-quick-screen\work\0015_20150506_192925_d3d9d976\attempt-002\references\0001_20150506_192925_5343bc95.png,False
20150506_192925.jpg,C:\Users\LENOVO\Desktop\kyapture\benchmark-artifacts\jpeg-quick-screen\work\0015_20150506_192925_d3d9d976\attempt-002\input\20150506_192925.jpg,mozjpeg,88.0,selected,2132094,6986101,2448,3264,1152546,2448,3264,JPEG,C:\Users\LENOVO\Desktop\kyapture\benchmark-artifacts\jpeg-quick-screen\work\0015_20150506_192925_d3d9d976\attempt-002\outputs\0001_20150506_192925_5343bc95_mozjpeg_t88_0.jpg,45.943002513022414,1.8498992664934848,88.56323014,45.916126400151775,,3545.153700004448,93,420,mozjpeg,False,False,C:\Users\LENOVO\Desktop\kyapture\benchmark-artifacts\jpeg-quick-screen\work\0015_20150506_192925_d3d9d976\attempt-002\references\0001_20150506_192925_5343bc95.png,True
20150506_192925.jpg,C:\Users\LENOVO\Desktop\kyapture\benchmark-artifacts\jpeg-quick-screen\work\0015_20150506_192925_d3d9d976\attempt-002\input\20150506_192925.jpg,mozjpeg,90.0,selected,2132094,6986101,2448,3264,1829643,2448,3264,JPEG,C:\Users\LENOVO\Desktop\kyapture\benchmark-artifacts\jpeg-quick-screen\work\0015_20150506_192925_d3d9d976\attempt-002\outputs\0001_20150506_192925_5343bc95_mozjpeg_t90_0.jpg,14.18563159035202,1.1653060187151263,91.37700159,51.46579077908406,,5737.839300010819,96,420,mozjpeg,False,False,C:\Users\LENOVO\Desktop\kyapture\benchmark-artifacts\jpeg-quick-screen\work\0015_20150506_192925_d3d9d976\attempt-002\references\0001_20150506_192925_5343bc95.png,False
20150506_192925.jpg,C:\Users\LENOVO\Desktop\kyapture\benchmark-artifacts\jpeg-quick-screen\work\0015_20150506_192925_d3d9d976\attempt-002\input\20150506_192925.jpg,jpegli,80.0,selected,2132094,6986101,2448,3264,550368,2448,3264,JPEG,C:\Users\LENOVO\Desktop\kyapture\benchmark-artifacts\jpeg-quick-screen\work\0015_20150506_192925_d3d9d976\attempt-002\outputs\0001_20150506_192925_5343bc95_jpegli_t80_0.jpg,74.18650397215131,3.87394252572824,80.648293,42.3807227505977,,278.73219999310095,86,420,jpegli,False,False,C:\Users\LENOVO\Desktop\kyapture\benchmark-artifacts\jpeg-quick-screen\work\0015_20150506_192925_d3d9d976\attempt-002\references\0001_20150506_192925_5343bc95.png,True
20150506_192925.jpg,C:\Users\LENOVO\Desktop\kyapture\benchmark-artifacts\jpeg-quick-screen\work\0015_20150506_192925_d3d9d976\attempt-002\input\20150506_192925.jpg,jpegli,85.0,selected,2132094,6986101,2448,3264,882950,2448,3264,JPEG,C:\Users\LENOVO\Desktop\kyapture\benchmark-artifacts\jpeg-quick-screen\work\0015_20150506_192925_d3d9d976\attempt-002\outputs\0001_20150506_192925_5343bc95_jpegli_t85_0.jpg,58.58766076917809,2.4147392264567644,85.24073063,44.55727650600095,,452.21429999219254,92,420,jpegli,False,False,C:\Users\LENOVO\Desktop\kyapture\benchmark-artifacts\jpeg-quick-screen\work\0015_20150506_192925_d3d9d976\attempt-002\references\0001_20150506_192925_5343bc95.png,True
20150506_192925.jpg,C:\Users\LENOVO\Desktop\kyapture\benchmark-artifacts\jpeg-quick-screen\work\0015_20150506_192925_d3d9d976\attempt-002\input\20150506_192925.jpg,jpegli,88.0,selected,2132094,6986101,2448,3264,1363972,2448,3264,JPEG,C:\Users\LENOVO\Desktop\kyapture\benchmark-artifacts\jpeg-quick-screen\work\0015_20150506_192925_d3d9d976\attempt-002\outputs\0001_20150506_192925_5343bc95_jpegli_t88_0.jpg,36.026647980811354,1.5631508564691943,88.97310281,47.77565976661565,,449.3936999933794,95,420,jpegli,False,False,C:\Users\LENOVO\Desktop\kyapture\benchmark-artifacts\jpeg-quick-screen\work\0015_20150506_192925_d3d9d976\attempt-002\references\0001_20150506_192925_5343bc95.png,True
20150506_192925.jpg,C:\Users\LENOVO\Desktop\kyapture\benchmark-artifacts\jpeg-quick-screen\work\0015_20150506_192925_d3d9d976\attempt-002\input\20150506_192925.jpg,jpegli,90.0,selected,2132094,6986101,2448,3264,1695570,2448,3264,JPEG,C:\Users\LENOVO\Desktop\kyapture\benchmark-artifacts\jpeg-quick-screen\work\0015_20150506_192925_d3d9d976\attempt-002\outputs\0001_20150506_192925_5343bc95_jpegli_t90_0.jpg,20.473956589156018,1.257449707178117,90.33512885,49.94659813166311,,595.6379999988712,97,420,jpegli,False,False,C:\Users\LENOVO\Desktop\kyapture\benchmark-artifacts\jpeg-quick-screen\work\0015_20150506_192925_d3d9d976\attempt-002\references\0001_20150506_192925_5343bc95.png,True
