filename,threshold,current_bytes,mozjpeg_bytes,jpegli_bytes,pixieset_bytes,current_bytes_delta_vs_pixieset,mozjpeg_bytes_delta_vs_pixieset,jpegli_bytes_delta_vs_pixieset,current_ssimulacra2,mozjpeg_ssimulacra2,jpegli_ssimulacra2,current_beats_mozjpeg,jpegli_beats_current,mozjpeg_beats_jpegli,mozjpeg_bytes_saved_vs_current,jpegli_bytes_saved_vs_current,mozjpeg_bytes_saved_vs_jpegli
2013-10-14 10.29.22.jpg,88,405558,573633,557669,471462,-65904,102171,86207,82.22460081,88.02402468,88.5436201,True,False,False,-168075,-152111,-15964
2013-10-14 10.33.46.jpg,88,415051,577692,515939,525347,-110296,52345,-9408,83.43062344,88.42664744,88.06709987,True,False,False,-162641,-100888,-61753
2013-10-14 10.34.12.jpg,88,383090,600086,524182,439841,-56751,160245,84341,82.59465367,88.65965953,88.5075972,True,False,False,-216996,-141092,-75904
20140927_093336.jpg,88,1759103,2973645,2712181,1979299,-220196,994346,732882,81.3328073,89.47439352,89.00973787,True,False,False,-1214542,-953078,-261464
20140927_093337.jpg,88,1772991,2995599,2739368,1999765,-226774,995834,739603,81.3977517,89.47802399,89.19321886,True,False,False,-1222608,-966377,-256231
20141003_202621.jpg,88,801574,1356416,1495500,860709,-59135,495707,634791,80.20066426,88.25998143,89.36630698,True,False,True,-554842,-693926,139084
20150506_192925.jpg,88,835425,1152546,1363972,890021,-54596,262525,473951,82.86539405,88.56323014,88.97310281,True,False,True,-317121,-528547,211426
20150508_130002-1.jpg,88,598290,971899,1047507,636657,-38367,335242,410850,82.94486522,88.02131538,88.2283257,True,False,True,-373609,-449217,75608
20150508_130700.jpg,88,861009,1301460,1322074,940079,-79070,361381,381995,83.71562684,88.56165774,88.23008429,True,False,True,-440451,-461065,20614
20230605_154755.jpg,88,762121,1026454,1182420,723640,38481,302814,458780,82.49838476,88.10837215,88.25634154,True,False,True,-264333,-420299,155966
20240308_155412.jpg,88,712064,1419583,1235754,762591,-50527,656992,473163,81.50115799,88.91389484,88.080643,True,False,False,-707519,-523690,-183829
20240511_184736.jpg,88,273251,276624,383077,304494,-31243,-27870,78583,84.5007611,89.30333292,89.65068372,True,False,True,-3373,-109826,106453
20240514_100830.jpg,88,1107452,2307070,2236445,1213182,-105730,1093888,1023263,79.94809492,89.2748733,88.32338007,True,False,False,-1199618,-1128993,-70625
20240514_100852.jpg,88,1061296,2253944,2384671,1165498,-104202,1088446,1219173,79.45896908,88.82268192,88.61270711,True,False,True,-1192648,-1323375,130727
20240531_091725.jpg,88,841724,1253308,1305217,889669,-47945,363639,415548,83.42558899,88.07436293,88.81364029,True,False,True,-411584,-463493,51909
20240904_163240.jpg,88,910750,1379065,1427646,948137,-37387,430928,479509,82.94277916,88.60194922,88.89500972,True,False,True,-468315,-516896,48581
20241004_055321.jpg,88,767096,998451,1018351,810823,-43727,187628,207528,83.90467209,88.01548032,88.29382168,True,False,True,-231355,-251255,19900
20241006_131126.jpg,88,784854,1238194,1220472,784308,546,453886,436164,81.38924761,88.17539949,88.19884035,True,False,False,-453340,-435618,-17722
20241006_142857.jpg,88,857416,1493930,1397407,924342,-66926,569588,473065,82.43234593,88.60313461,88.21485913,True,False,False,-636514,-539991,-96523
Copy (2) of Picture 330.jpg,88,1189495,2474132,2402579,1315217,-125722,1158915,1087362,82.06276845,88.57452514,88.17042878,True,False,False,-1284637,-1213084,-71553
Copy of Picture 354.jpg,88,1215049,1698764,1832602,1368769,-153720,329995,463833,82.81963687,88.33202322,88.83013998,True,False,True,-483715,-617553,133838
DSC04787.JPG,88,796055,1255189,1234754,858208,-62153,396981,376546,83.35537825,88.34489804,88.13412412,True,False,False,-459134,-438699,-20435
