original_filename,pixieset_filename,match_type,original_bytes,pixieset_bytes,original_format,pixieset_format,original_width,original_height,pixieset_width,pixieset_height,expected_reference_width,expected_reference_height,original_long_edge,pixieset_long_edge,pixieset_matches_3600_contract,original_path,pixieset_path
2013-10-14 10.29.22.jpg,2013-10-1410.29.22.jpg,whitespace-normalized,1260268,471462,JPEG,JPEG,1536,2048,1536,2048,1536,2048,2048,2048,True,benchmark\data\jpeg_real\2013-10-14 10.29.22.jpg,benchmark\pixieset download\2013-10-1410.29.22.jpg
2013-10-14 10.33.46.jpg,2013-10-1410.33.46.jpg,whitespace-normalized,1265684,525347,JPEG,JPEG,1536,2048,1536,2048,1536,2048,2048,2048,True,benchmark\data\jpeg_real\2013-10-14 10.33.46.jpg,benchmark\pixieset download\2013-10-1410.33.46.jpg
2013-10-14 10.34.12.jpg,2013-10-1410.34.12.jpg,whitespace-normalized,1199359,439841,JPEG,JPEG,1536,2048,1536,2048,1536,2048,2048,2048,True,benchmark\data\jpeg_real\2013-10-14 10.34.12.jpg,benchmark\pixieset download\2013-10-1410.34.12.jpg
2013-10-14 10.35.36.jpg,2013-10-1410.35.36.jpg,whitespace-normalized,1289934,523472,JPEG,JPEG,1536,2048,1536,2048,1536,2048,2048,2048,True,benchmark\data\jpeg_real\2013-10-14 10.35.36.jpg,benchmark\pixieset download\2013-10-1410.35.36.jpg
2013-11-09 09.10.00.jpg,2013-11-0909.10.00.jpg,whitespace-normalized,1947892,715567,JPEG,JPEG,1536,2048,1536,2048,1536,2048,2048,2048,True,benchmark\data\jpeg_real\2013-11-09 09.10.00.jpg,benchmark\pixieset download\2013-11-0909.10.00.jpg
2013-11-25 19.34.13.jpg,2013-11-2519.34.13.jpg,whitespace-normalized,874964,371280,JPEG,JPEG,2048,1536,2048,1536,2048,1536,2048,2048,True,benchmark\data\jpeg_real\2013-11-25 19.34.13.jpg,benchmark\pixieset download\2013-11-2519.34.13.jpg
2013-11-25 19.34.45.jpg,2013-11-2519.34.45.jpg,whitespace-normalized,865645,364095,JPEG,JPEG,1536,2048,1536,2048,1536,2048,2048,2048,True,benchmark\data\jpeg_real\2013-11-25 19.34.45.jpg,benchmark\pixieset download\2013-11-2519.34.45.jpg
2014-07-05 09.50.04.jpg,2014-07-0509.50.04.jpg,whitespace-normalized,2254493,963329,JPEG,JPEG,2048,1536,2048,1536,2048,1536,2048,2048,True,benchmark\data\jpeg_real\2014-07-05 09.50.04.jpg,benchmark\pixieset download\2014-07-0509.50.04.jpg
2014-07-05 09.50.56.jpg,2014-07-0509.50.56.jpg,whitespace-normalized,1891920,731168,JPEG,JPEG,2048,1536,2048,1536,2048,1536,2048,2048,True,benchmark\data\jpeg_real\2014-07-05 09.50.56.jpg,benchmark\pixieset download\2014-07-0509.50.56.jpg
20140927_093336.jpg,20140927_093336.jpg,exact,3687720,1979299,JPEG,JPEG,3264,1836,3264,1836,3264,1836,3264,3264,True,benchmark\data\jpeg_real\20140927_093336.jpg,benchmark\pixieset download\20140927_093336.jpg
20140927_093337.jpg,20140927_093337.jpg,exact,3721478,1999765,JPEG,JPEG,3264,1836,3264,1836,3264,1836,3264,3264,True,benchmark\data\jpeg_real\20140927_093337.jpg,benchmark\pixieset download\20140927_093337.jpg
20140927_093407-1.jpg,20140927_093407-1.jpg,exact,2247438,693823,JPEG,JPEG,1280,1836,1280,1836,1280,1836,1836,1836,True,benchmark\data\jpeg_real\20140927_093407-1.jpg,benchmark\pixieset download\20140927_093407-1.jpg
20140927_093409-1.jpg,20140927_093409-1.jpg,exact,2111943,638367,JPEG,JPEG,1242,1836,1242,1836,1242,1836,1836,1836,True,benchmark\data\jpeg_real\20140927_093409-1.jpg,benchmark\pixieset download\20140927_093409-1.jpg
20141003_202621.jpg,20141003_202621.jpg,exact,2132198,860709,JPEG,JPEG,3264,1836,3264,1836,3264,1836,3264,3264,True,benchmark\data\jpeg_real\20141003_202621.jpg,benchmark\pixieset download\20141003_202621.jpg
20141004_073108.jpg,20141004_073108.jpg,exact,2232149,1061048,JPEG,JPEG,3264,1836,3264,1836,3264,1836,3264,3264,True,benchmark\data\jpeg_real\20141004_073108.jpg,benchmark\pixieset download\20141004_073108.jpg
20141004_073113.jpg,20141004_073113.jpg,exact,2321801,1107513,JPEG,JPEG,3264,1836,3264,1836,3264,1836,3264,3264,True,benchmark\data\jpeg_real\20141004_073113.jpg,benchmark\pixieset download\20141004_073113.jpg
20141006_133007.jpg,20141006_133007.jpg,exact,2946949,1489184,JPEG,JPEG,3264,1836,3264,1836,3264,1836,3264,3264,True,benchmark\data\jpeg_real\20141006_133007.jpg,benchmark\pixieset download\20141006_133007.jpg
20141006_133009.jpg,20141006_133009.jpg,exact,3200073,1650505,JPEG,JPEG,3264,1836,3264,1836,3264,1836,3264,3264,True,benchmark\data\jpeg_real\20141006_133009.jpg,benchmark\pixieset download\20141006_133009.jpg
20141006_133121.jpg,20141006_133121.jpg,exact,2566581,1273313,JPEG,JPEG,3264,1836,3264,1836,3264,1836,3264,3264,True,benchmark\data\jpeg_real\20141006_133121.jpg,benchmark\pixieset download\20141006_133121.jpg
20141006_133213.jpg,20141006_133213.jpg,exact,2625730,1318119,JPEG,JPEG,3264,1836,3264,1836,3264,1836,3264,3264,True,benchmark\data\jpeg_real\20141006_133213.jpg,benchmark\pixieset download\20141006_133213.jpg
20141006_133312.jpg,20141006_133312.jpg,exact,2696776,1356942,JPEG,JPEG,3264,1836,3264,1836,3264,1836,3264,3264,True,benchmark\data\jpeg_real\20141006_133312.jpg,benchmark\pixieset download\20141006_133312.jpg
20150506_162440.jpg,20150506_162440.jpg,exact,3303188,1607751,JPEG,JPEG,3264,2448,3264,2448,3264,2448,3264,3264,True,benchmark\data\jpeg_real\20150506_162440.jpg,benchmark\pixieset download\20150506_162440.jpg
20150506_192925.jpg,20150506_192925.jpg,exact,2132094,890021,JPEG,JPEG,2448,3264,2448,3264,2448,3264,3264,3264,True,benchmark\data\jpeg_real\20150506_192925.jpg,benchmark\pixieset download\20150506_192925.jpg
20150508_130002-1.jpg,20150508_130002-1.jpg,exact,2834749,636657,JPEG,JPEG,1723,2558,1723,2558,1723,2558,2558,2558,True,benchmark\data\jpeg_real\20150508_130002-1.jpg,benchmark\pixieset download\20150508_130002-1.jpg
20150508_130700.jpg,20150508_130700.jpg,exact,2534246,940079,JPEG,JPEG,2988,5312,2025,3600,2025,3600,5312,3600,True,benchmark\data\jpeg_real\20150508_130700.jpg,benchmark\pixieset download\20150508_130700.jpg
20150508_130916.jpg,20150508_130916.jpg,exact,2364441,826314,JPEG,JPEG,2988,5312,2025,3600,2025,3600,5312,3600,True,benchmark\data\jpeg_real\20150508_130916.jpg,benchmark\pixieset download\20150508_130916.jpg
20150508_133146.jpg,20150508_133146.jpg,exact,3276966,1121932,JPEG,JPEG,2988,5312,2025,3600,2025,3600,5312,3600,True,benchmark\data\jpeg_real\20150508_133146.jpg,benchmark\pixieset download\20150508_133146.jpg
20150508_172715.jpg,20150508_172715.jpg,exact,2467610,1158681,JPEG,JPEG,3264,2448,3264,2448,3264,2448,3264,3264,True,benchmark\data\jpeg_real\20150508_172715.jpg,benchmark\pixieset download\20150508_172715.jpg
20150608_165558-1.jpg,20150608_165558-1.jpg,exact,2537889,572295,JPEG,JPEG,1606,2382,1606,2382,1606,2382,2382,2382,True,benchmark\data\jpeg_real\20150608_165558-1.jpg,benchmark\pixieset download\20150608_165558-1.jpg
20150608_165623.jpg,20150608_165623.jpg,exact,2595204,1180460,JPEG,JPEG,3264,2448,3264,2448,3264,2448,3264,3264,True,benchmark\data\jpeg_real\20150608_165623.jpg,benchmark\pixieset download\20150608_165623.jpg
20160826_191705.jpg,20160826_191705.jpg,exact,2133079,883583,JPEG,JPEG,3264,2448,3264,2448,3264,2448,3264,3264,True,benchmark\data\jpeg_real\20160826_191705.jpg,benchmark\pixieset download\20160826_191705.jpg
20160826_193230.jpg,20160826_193230.jpg,exact,1514666,594738,JPEG,JPEG,2448,3264,2448,3264,2448,3264,3264,3264,True,benchmark\data\jpeg_real\20160826_193230.jpg,benchmark\pixieset download\20160826_193230.jpg
20230605_154750.jpg,20230605_154750.jpg,exact,2078361,744677,JPEG,JPEG,2448,3264,2448,3264,2448,3264,3264,3264,True,benchmark\data\jpeg_real\20230605_154750.jpg,benchmark\pixieset download\20230605_154750.jpg
20230605_154755.jpg,20230605_154755.jpg,exact,2057898,723640,JPEG,JPEG,2448,3264,2448,3264,2448,3264,3264,3264,True,benchmark\data\jpeg_real\20230605_154755.jpg,benchmark\pixieset download\20230605_154755.jpg
20230605_154800.jpg,20230605_154800.jpg,exact,1892908,664489,JPEG,JPEG,2448,3264,2448,3264,2448,3264,3264,3264,True,benchmark\data\jpeg_real\20230605_154800.jpg,benchmark\pixieset download\20230605_154800.jpg
20230805_091818.jpg,20230805_091818.jpg,exact,2286245,895871,JPEG,JPEG,2448,3264,2448,3264,2448,3264,3264,3264,True,benchmark\data\jpeg_real\20230805_091818.jpg,benchmark\pixieset download\20230805_091818.jpg
20230805_091823.jpg,20230805_091823.jpg,exact,2546701,1035126,JPEG,JPEG,2448,3264,2448,3264,2448,3264,3264,3264,True,benchmark\data\jpeg_real\20230805_091823.jpg,benchmark\pixieset download\20230805_091823.jpg
20230805_091849.jpg,20230805_091849.jpg,exact,2314095,941262,JPEG,JPEG,3264,2448,3264,2448,3264,2448,3264,3264,True,benchmark\data\jpeg_real\20230805_091849.jpg,benchmark\pixieset download\20230805_091849.jpg
20230805_101520.jpg,20230805_101520.jpg,exact,2667299,1077916,JPEG,JPEG,2448,3264,2448,3264,2448,3264,3264,3264,True,benchmark\data\jpeg_real\20230805_101520.jpg,benchmark\pixieset download\20230805_101520.jpg
20231206_085233.jpg,20231206_085233.jpg,exact,2247957,824406,JPEG,JPEG,2448,3264,2448,3264,2448,3264,3264,3264,True,benchmark\data\jpeg_real\20231206_085233.jpg,benchmark\pixieset download\20231206_085233.jpg
20240101_105327.jpg,20240101_105327.jpg,exact,2099613,950485,JPEG,JPEG,1920,2560,1920,2560,1920,2560,2560,2560,True,benchmark\data\jpeg_real\20240101_105327.jpg,benchmark\pixieset download\20240101_105327.jpg
20240308_155412.jpg,20240308_155412.jpg,exact,1800947,762591,JPEG,JPEG,1920,2560,1920,2560,1920,2560,2560,2560,True,benchmark\data\jpeg_real\20240308_155412.jpg,benchmark\pixieset download\20240308_155412.jpg
20240401_121036.jpg,20240401_121036.jpg,exact,2022178,727936,JPEG,JPEG,2448,3264,2448,3264,2448,3264,3264,3264,True,benchmark\data\jpeg_real\20240401_121036.jpg,benchmark\pixieset download\20240401_121036.jpg
20240408_100528.jpg,20240408_100528.jpg,exact,352650,164925,JPEG,JPEG,720,1280,720,1280,720,1280,1280,1280,True,benchmark\data\jpeg_real\20240408_100528.jpg,benchmark\pixieset download\20240408_100528.jpg
20240408_100541.jpg,20240408_100541.jpg,exact,303846,137745,JPEG,JPEG,720,1280,720,1280,720,1280,1280,1280,True,benchmark\data\jpeg_real\20240408_100541.jpg,benchmark\pixieset download\20240408_100541.jpg
20240511_184736.jpg,20240511_184736.jpg,exact,1143189,304494,JPEG,JPEG,2448,3264,2448,3264,2448,3264,3264,3264,True,benchmark\data\jpeg_real\20240511_184736.jpg,benchmark\pixieset download\20240511_184736.jpg
20240511_184817.jpg,20240511_184817.jpg,exact,3078456,1225450,JPEG,JPEG,2448,3264,2448,3264,2448,3264,3264,3264,True,benchmark\data\jpeg_real\20240511_184817.jpg,benchmark\pixieset download\20240511_184817.jpg
20240511_184828.jpg,20240511_184828.jpg,exact,3350700,1367177,JPEG,JPEG,2448,3264,2448,3264,2448,3264,3264,3264,True,benchmark\data\jpeg_real\20240511_184828.jpg,benchmark\pixieset download\20240511_184828.jpg
20240511_184852.jpg,20240511_184852.jpg,exact,1532987,584120,JPEG,JPEG,1920,2560,1920,2560,1920,2560,2560,2560,True,benchmark\data\jpeg_real\20240511_184852.jpg,benchmark\pixieset download\20240511_184852.jpg
20240514_100106.jpg,20240514_100106.jpg,exact,1822998,647993,JPEG,JPEG,2448,3264,2448,3264,2448,3264,3264,3264,True,benchmark\data\jpeg_real\20240514_100106.jpg,benchmark\pixieset download\20240514_100106.jpg
20240514_100316.jpg,20240514_100316.jpg,exact,1967533,762499,JPEG,JPEG,3264,2448,3264,2448,3264,2448,3264,3264,True,benchmark\data\jpeg_real\20240514_100316.jpg,benchmark\pixieset download\20240514_100316.jpg
20240514_100830.jpg,20240514_100830.jpg,exact,2846153,1213182,JPEG,JPEG,3264,2448,3264,2448,3264,2448,3264,3264,True,benchmark\data\jpeg_real\20240514_100830.jpg,benchmark\pixieset download\20240514_100830.jpg
20240514_100852.jpg,20240514_100852.jpg,exact,2795880,1165498,JPEG,JPEG,3264,2448,3264,2448,3264,2448,3264,3264,True,benchmark\data\jpeg_real\20240514_100852.jpg,benchmark\pixieset download\20240514_100852.jpg
20240517_124328.jpg,20240517_124328.jpg,exact,2665157,1072785,JPEG,JPEG,2448,3264,2448,3264,2448,3264,3264,3264,True,benchmark\data\jpeg_real\20240517_124328.jpg,benchmark\pixieset download\20240517_124328.jpg
20240531_091725.jpg,20240531_091725.jpg,exact,2134510,889669,JPEG,JPEG,2448,3264,2448,3264,2448,3264,3264,3264,True,benchmark\data\jpeg_real\20240531_091725.jpg,benchmark\pixieset download\20240531_091725.jpg
20240816_144737.jpg,20240816_144737.jpg,exact,2117912,740574,JPEG,JPEG,2448,3264,2448,3264,2448,3264,3264,3264,True,benchmark\data\jpeg_real\20240816_144737.jpg,benchmark\pixieset download\20240816_144737.jpg
20240816_144742.jpg,20240816_144742.jpg,exact,2335961,885343,JPEG,JPEG,2448,3264,2448,3264,2448,3264,3264,3264,True,benchmark\data\jpeg_real\20240816_144742.jpg,benchmark\pixieset download\20240816_144742.jpg
20240904_094648.jpg,20240904_094648.jpg,exact,2060572,697531,JPEG,JPEG,2448,3264,2448,3264,2448,3264,3264,3264,True,benchmark\data\jpeg_real\20240904_094648.jpg,benchmark\pixieset download\20240904_094648.jpg
20240904_094654.jpg,20240904_094654.jpg,exact,2089072,709908,JPEG,JPEG,2448,3264,2448,3264,2448,3264,3264,3264,True,benchmark\data\jpeg_real\20240904_094654.jpg,benchmark\pixieset download\20240904_094654.jpg
20240904_094703.jpg,20240904_094703.jpg,exact,2180901,780430,JPEG,JPEG,2448,3264,2448,3264,2448,3264,3264,3264,True,benchmark\data\jpeg_real\20240904_094703.jpg,benchmark\pixieset download\20240904_094703.jpg
20240904_094708.jpg,20240904_094708.jpg,exact,2042740,683023,JPEG,JPEG,2448,3264,2448,3264,2448,3264,3264,3264,True,benchmark\data\jpeg_real\20240904_094708.jpg,benchmark\pixieset download\20240904_094708.jpg
20240904_163240.jpg,20240904_163240.jpg,exact,2377522,948137,JPEG,JPEG,3264,2448,3264,2448,3264,2448,3264,3264,True,benchmark\data\jpeg_real\20240904_163240.jpg,benchmark\pixieset download\20240904_163240.jpg
20241004_055321.jpg,20241004_055321.jpg,exact,1930930,810823,JPEG,JPEG,2448,3264,2448,3264,2448,3264,3264,3264,True,benchmark\data\jpeg_real\20241004_055321.jpg,benchmark\pixieset download\20241004_055321.jpg
20241004_055322.jpg,20241004_055322.jpg,exact,1955859,787475,JPEG,JPEG,2448,3264,2448,3264,2448,3264,3264,3264,True,benchmark\data\jpeg_real\20241004_055322.jpg,benchmark\pixieset download\20241004_055322.jpg
20241004_055332.jpg,20241004_055332.jpg,exact,1938778,787068,JPEG,JPEG,2448,3264,2448,3264,2448,3264,3264,3264,True,benchmark\data\jpeg_real\20241004_055332.jpg,benchmark\pixieset download\20241004_055332.jpg
20241004_055345.jpg,20241004_055345.jpg,exact,1937001,803803,JPEG,JPEG,2448,3264,2448,3264,2448,3264,3264,3264,True,benchmark\data\jpeg_real\20241004_055345.jpg,benchmark\pixieset download\20241004_055345.jpg
20241004_073022.jpg,20241004_073022.jpg,exact,3200060,1295255,JPEG,JPEG,2448,3264,2448,3264,2448,3264,3264,3264,True,benchmark\data\jpeg_real\20241004_073022.jpg,benchmark\pixieset download\20241004_073022.jpg
20241004_073025.jpg,20241004_073025.jpg,exact,1457716,441784,JPEG,JPEG,2448,3264,2448,3264,2448,3264,3264,3264,True,benchmark\data\jpeg_real\20241004_073025.jpg,benchmark\pixieset download\20241004_073025.jpg
20241006_131126.jpg,20241006_131126.jpg,exact,2113372,784308,JPEG,JPEG,2448,3264,2448,3264,2448,3264,3264,3264,True,benchmark\data\jpeg_real\20241006_131126.jpg,benchmark\pixieset download\20241006_131126.jpg
20241006_134227.jpg,20241006_134227.jpg,exact,2147275,824330,JPEG,JPEG,2448,3264,2448,3264,2448,3264,3264,3264,True,benchmark\data\jpeg_real\20241006_134227.jpg,benchmark\pixieset download\20241006_134227.jpg
20241006_134259.jpg,20241006_134259.jpg,exact,2087476,777107,JPEG,JPEG,2448,3264,2448,3264,2448,3264,3264,3264,True,benchmark\data\jpeg_real\20241006_134259.jpg,benchmark\pixieset download\20241006_134259.jpg
20241006_142857.jpg,20241006_142857.jpg,exact,2286364,924342,JPEG,JPEG,3264,2448,3264,2448,3264,2448,3264,3264,True,benchmark\data\jpeg_real\20241006_142857.jpg,benchmark\pixieset download\20241006_142857.jpg
20241006_142910.jpg,20241006_142910.jpg,exact,2225775,960874,JPEG,JPEG,3264,2448,3264,2448,3264,2448,3264,3264,True,benchmark\data\jpeg_real\20241006_142910.jpg,benchmark\pixieset download\20241006_142910.jpg
20241006_142917.jpg,20241006_142917.jpg,exact,1887525,807135,JPEG,JPEG,3264,2448,3264,2448,3264,2448,3264,3264,True,benchmark\data\jpeg_real\20241006_142917.jpg,benchmark\pixieset download\20241006_142917.jpg
20241012_200117.jpg,20241012_200117.jpg,exact,2327117,831302,JPEG,JPEG,2448,3264,2448,3264,2448,3264,3264,3264,True,benchmark\data\jpeg_real\20241012_200117.jpg,benchmark\pixieset download\20241012_200117.jpg
Baba chori kali mandir ma.jpg,Babachorikalimandirma.jpg,whitespace-normalized,235562,298857,JPEG,JPEG,960,1280,960,1280,960,1280,1280,1280,True,benchmark\data\jpeg_real\Baba chori kali mandir ma.jpg,benchmark\pixieset download\Babachorikalimandirma.jpg
Childrens.jpg,Childrens.jpg,exact,490358,495951,JPEG,JPEG,1600,1200,1600,1200,1600,1200,1600,1600,True,benchmark\data\jpeg_real\Childrens.jpg,benchmark\pixieset download\Childrens.jpg
Copy (2) of Picture 325.jpg,Copy(2)ofPicture325.jpg,whitespace-normalized,2741121,1360203,JPEG,JPEG,3648,2736,3600,2700,3600,2700,3648,3600,True,benchmark\data\jpeg_real\Copy (2) of Picture 325.jpg,benchmark\pixieset download\Copy(2)ofPicture325.jpg
Copy (2) of Picture 327.jpg,Copy(2)ofPicture327.jpg,whitespace-normalized,2739114,1940901,JPEG,JPEG,3648,2736,3600,2700,3600,2700,3648,3600,True,benchmark\data\jpeg_real\Copy (2) of Picture 327.jpg,benchmark\pixieset download\Copy(2)ofPicture327.jpg
Copy (2) of Picture 330.jpg,Copy(2)ofPicture330.jpg,whitespace-normalized,2698409,1315217,JPEG,JPEG,3648,2736,3600,2700,3600,2700,3648,3600,True,benchmark\data\jpeg_real\Copy (2) of Picture 330.jpg,benchmark\pixieset download\Copy(2)ofPicture330.jpg
Copy (2) of Picture 351.jpg,Copy(2)ofPicture351.jpg,whitespace-normalized,2641903,1361559,JPEG,JPEG,2736,3648,2700,3600,2700,3600,3648,3600,True,benchmark\data\jpeg_real\Copy (2) of Picture 351.jpg,benchmark\pixieset download\Copy(2)ofPicture351.jpg
Copy (2) of Picture 352.jpg,Copy(2)ofPicture352.jpg,whitespace-normalized,2684226,1421230,JPEG,JPEG,2736,3648,2700,3600,2700,3600,3648,3600,True,benchmark\data\jpeg_real\Copy (2) of Picture 352.jpg,benchmark\pixieset download\Copy(2)ofPicture352.jpg
Copy (2) of Picture 353.jpg,Copy(2)ofPicture353.jpg,whitespace-normalized,2691689,1319803,JPEG,JPEG,3648,2736,3600,2700,3600,2700,3648,3600,True,benchmark\data\jpeg_real\Copy (2) of Picture 353.jpg,benchmark\pixieset download\Copy(2)ofPicture353.jpg
Copy of Picture 275.jpg,CopyofPicture275.jpg,whitespace-normalized,2661181,1270633,JPEG,JPEG,3648,2736,3600,2700,3600,2700,3648,3600,True,benchmark\data\jpeg_real\Copy of Picture 275.jpg,benchmark\pixieset download\CopyofPicture275.jpg
Copy of Picture 276.jpg,CopyofPicture276.jpg,whitespace-normalized,2651998,1435265,JPEG,JPEG,3648,2736,3600,2700,3600,2700,3648,3600,True,benchmark\data\jpeg_real\Copy of Picture 276.jpg,benchmark\pixieset download\CopyofPicture276.jpg
Copy of Picture 282.jpg,CopyofPicture282.jpg,whitespace-normalized,2621323,1588596,JPEG,JPEG,3648,2736,3600,2700,3600,2700,3648,3600,True,benchmark\data\jpeg_real\Copy of Picture 282.jpg,benchmark\pixieset download\CopyofPicture282.jpg
Copy of Picture 354.jpg,CopyofPicture354.jpg,whitespace-normalized,2631911,1368769,JPEG,JPEG,2736,3648,2700,3600,2700,3600,3648,3600,True,benchmark\data\jpeg_real\Copy of Picture 354.jpg,benchmark\pixieset download\CopyofPicture354.jpg
Copy of Picture 359.jpg,CopyofPicture359.jpg,whitespace-normalized,2644497,952378,JPEG,JPEG,3648,2736,3600,2700,3600,2700,3648,3600,True,benchmark\data\jpeg_real\Copy of Picture 359.jpg,benchmark\pixieset download\CopyofPicture359.jpg
Copy of Picture 447.jpg,CopyofPicture447.jpg,whitespace-normalized,2519846,1173787,JPEG,JPEG,2736,3648,2700,3600,2700,3600,3648,3600,True,benchmark\data\jpeg_real\Copy of Picture 447.jpg,benchmark\pixieset download\CopyofPicture447.jpg
Copy of Picture 448.jpg,CopyofPicture448.jpg,whitespace-normalized,2577654,1166442,JPEG,JPEG,3648,2736,3600,2700,3600,2700,3648,3600,True,benchmark\data\jpeg_real\Copy of Picture 448.jpg,benchmark\pixieset download\CopyofPicture448.jpg
Copy of Picture 450.jpg,CopyofPicture450.jpg,whitespace-normalized,2711894,1754931,JPEG,JPEG,3648,2736,3600,2700,3600,2700,3648,3600,True,benchmark\data\jpeg_real\Copy of Picture 450.jpg,benchmark\pixieset download\CopyofPicture450.jpg
Dad....jpg,Dad....jpg,exact,71940,87686,JPEG,JPEG,614,641,614,641,614,641,641,641,True,benchmark\data\jpeg_real\Dad....jpg,benchmark\pixieset download\Dad....jpg
DSC04783.JPG,DSC04783.JPG,exact,1789127,1317203,JPEG,JPEG,3426,2274,3426,2274,3426,2274,3426,3426,True,benchmark\data\jpeg_real\DSC04783.JPG,benchmark\pixieset download\DSC04783.JPG
DSC04784.JPG,DSC04784.JPG,exact,2250526,1022027,JPEG,JPEG,4248,2898,3600,2456,3600,2456,4248,3600,True,benchmark\data\jpeg_real\DSC04784.JPG,benchmark\pixieset download\DSC04784.JPG
DSC04786.JPG,DSC04786.JPG,exact,1320079,600877,JPEG,JPEG,3888,2460,3600,2278,3600,2278,3888,3600,True,benchmark\data\jpeg_real\DSC04786.JPG,benchmark\pixieset download\DSC04786.JPG
DSC04787.JPG,DSC04787.JPG,exact,1781089,858208,JPEG,JPEG,4110,2400,3600,2102,3600,2102,4110,3600,True,benchmark\data\jpeg_real\DSC04787.JPG,benchmark\pixieset download\DSC04787.JPG
DSC04789.JPG,DSC04789.JPG,exact,1976291,894562,JPEG,JPEG,4158,2664,3600,2306,3600,2306,4158,3600,True,benchmark\data\jpeg_real\DSC04789.JPG,benchmark\pixieset download\DSC04789.JPG
DSC04790.JPG,DSC04790.JPG,exact,1989292,990212,JPEG,JPEG,2888,3968,2620,3600,2620,3600,3968,3600,True,benchmark\data\jpeg_real\DSC04790.JPG,benchmark\pixieset download\DSC04790.JPG
DSC04791.JPG,DSC04791.JPG,exact,1917902,925075,JPEG,JPEG,2768,3968,2511,3600,2511,3600,3968,3600,True,benchmark\data\jpeg_real\DSC04791.JPG,benchmark\pixieset download\DSC04791.JPG
Family.jpg,Family.jpg,exact,540665,549930,JPEG,JPEG,1600,1200,1600,1200,1600,1200,1600,1600,True,benchmark\data\jpeg_real\Family.jpg,benchmark\pixieset download\Family.jpg
FB_IMG_1677245610496.jpg,FB_IMG_1677245610496.jpg,exact,40530,59579,JPEG,JPEG,720,332,720,332,720,332,720,720,True,benchmark\data\jpeg_real\FB_IMG_1677245610496.jpg,benchmark\pixieset download\FB_IMG_1677245610496.jpg
FB_IMG_1688025554368.jpg,FB_IMG_1688025554368.jpg,exact,124477,178101,JPEG,JPEG,720,1600,720,1600,720,1600,1600,1600,True,benchmark\data\jpeg_real\FB_IMG_1688025554368.jpg,benchmark\pixieset download\FB_IMG_1688025554368.jpg
FB_IMG_1688025634095.jpg,FB_IMG_1688025634095.jpg,exact,69611,100388,JPEG,JPEG,640,1370,640,1370,640,1370,1370,1370,True,benchmark\data\jpeg_real\FB_IMG_1688025634095.jpg,benchmark\pixieset download\FB_IMG_1688025634095.jpg
