method,threshold,images,total_input_bytes,total_output_bytes,total_bytes_saved,average_reduction,median_reduction,p5_reduction,p95_reduction,median_ssimulacra2,p5_ssimulacra2,worst_ssimulacra2,median_encode_time_ms,p95_encode_time_ms,total_encode_time_ms,quality_score_coverage,median_output_bytes
current,,1,1930930,767096,1163834,60.273236212602214,60.273236212602214,60.273236212602214,60.273236212602214,83.90467209,83.90467209,83.90467209,8844.25859998737,8844.25859998737,8844.25859998737,1,767096.0
jpegli,88.0,1,1930930,1018351,912579,47.261112520909606,47.261112520909606,47.261112520909606,47.261112520909606,88.29382168,88.29382168,88.29382168,508.8658000022406,508.8658000022406,508.8658000022406,1,1018351.0
jpegli,80.0,1,1930930,463314,1467616,76.00565530599245,76.00565530599245,76.00565530599245,76.00565530599245,80.46465653,80.46465653,80.46465653,459.8533999960637,459.8533999960637,459.8533999960637,1,463314.0
jpegli,85.0,1,1930930,732380,1198550,62.07112634844349,62.07112634844349,62.07112634844349,62.07112634844349,85.71493443,85.71493443,85.71493443,391.1186000041198,391.1186000041198,391.1186000041198,1,732380.0
jpegli,88.0,1,1930930,1018351,912579,47.261112520909606,47.261112520909606,47.261112520909606,47.261112520909606,88.29382168,88.29382168,88.29382168,508.8658000022406,508.8658000022406,508.8658000022406,1,1018351.0
jpegli,90.0,1,1930930,1545522,385408,19.959708534229627,19.959708534229627,19.959708534229627,19.959708534229627,90.41524892,90.41524892,90.41524892,492.36229999223724,492.36229999223724,492.36229999223724,1,1545522.0
mozjpeg,88.0,1,1930930,998451,932479,48.29170399755558,48.29170399755558,48.29170399755558,48.29170399755558,88.01548032,88.01548032,88.01548032,2924.3084999907296,2924.3084999907296,2924.3084999907296,1,998451.0
mozjpeg,80.0,1,1930930,481429,1449501,75.06750633114613,75.06750633114613,75.06750633114613,75.06750633114613,80.00206817,80.00206817,80.00206817,3225.8118000027025,3225.8118000027025,3225.8118000027025,1,481429.0
mozjpeg,85.0,1,1930930,735361,1195569,61.916744781012255,61.916744781012255,61.916744781012255,61.916744781012255,85.01794773,85.01794773,85.01794773,3123.0355000006966,3123.0355000006966,3123.0355000006966,1,735361.0
mozjpeg,88.0,1,1930930,998451,932479,48.29170399755558,48.29170399755558,48.29170399755558,48.29170399755558,88.01548032,88.01548032,88.01548032,2924.3084999907296,2924.3084999907296,2924.3084999907296,1,998451.0
mozjpeg,90.0,1,1930930,1480162,450768,23.344605967072862,23.344605967072862,23.344605967072862,23.344605967072862,90.08700434,90.08700434,90.08700434,6600.495500009856,6600.495500009856,6600.495500009856,1,1480162.0
