filename,method,quality,subsampling,output_bytes,percentage_reduction,ssimulacra2,psnr,butteraugli,encode_time_ms,candidate_bytes_ge_original
Dad....jpg,mozjpeg,65,420,45940,36.141228801779256,70.52464883,33.11412188848364,,218.64709998772014,False
Dad....jpg,mozjpeg,83,420,70326,2.243536280233527,85.77326597,40.78069404514124,,184.4476999976905,False
Dad....jpg,mozjpeg,74,420,59194,17.717542396441477,80.14610228,36.9754548036355,,186.50219999835826,False
Dad....jpg,mozjpeg,69,420,51499,28.41395607450653,74.94477921,34.5507467536252,,162.53990000404883,False
Dad....jpg,mozjpeg,71,420,54626,24.067278287461768,77.76256176,35.45645710029802,,161.61880000436213,False
Dad....jpg,mozjpeg,72,420,56263,21.791770920211285,78.48669629,35.96267104334734,,152.5767000130145,False
Dad....jpg,mozjpeg,73,420,56977,20.79927717542397,79.39735434,36.440775865608686,,165.13920000579674,False
Dad....jpg,mozjpeg,75,420,59596,17.15874339727551,80.69075961,37.355721183387,,172.3282000020845,False
Dad....jpg,mozjpeg,76,420,60868,15.390603280511538,81.2623417,37.93908210961599,,162.0190000103321,False
Dad....jpg,mozjpeg,78,420,64126,10.86182930219628,82.79523509,38.9641150192474,,163.5993999952916,False
Dad....jpg,mozjpeg,80,420,66858,7.064220183486237,84.15533192,39.815467057717285,,204.08450000104494,False
Dad....jpg,mozjpeg,81,420,67778,5.785376702807898,84.60561558,40.215816380282554,,311.05059999390505,False
Dad....jpg,mozjpeg,82,420,68752,4.4314706700027795,85.04844716,40.52282282540269,,240.7591999944998,False
Dad....jpg,mozjpeg,84,420,71281,0.9160411453989381,85.84881685,40.9172672210334,,270.9264000004623,False
Dad....jpg,mozjpeg,92,420,83221,-15.681123158187372,90.03182191,46.28755862768859,,241.08659999910742,True
Dad....jpg,mozjpeg,87,420,76436,-6.249652488184587,87.37046011,42.331323986792356,,248.8737000094261,True
Dad....jpg,mozjpeg,89,420,77706,-8.015012510425358,87.99374834,43.90193059242763,,221.0181999980705,True
Dad....jpg,mozjpeg,90,420,80284,-11.598554350847934,88.92261752,44.848309579889104,,233.06509999383707,True
Dad....jpg,mozjpeg,88,420,77856,-8.223519599666385,88.08072732,43.190060158540376,,205.37120000517461,True
Dad....jpg,mozjpeg,91,420,81264,-12.960800667222694,89.09528063,45.37041967492659,,270.30509999895,True
Dad....jpg,mozjpeg,93,420,87717,-21.93077564637198,90.54515048,47.15341482016895,,220.29910000856034,True
Dad....jpg,mozjpeg,94,420,92091,-28.01084236864053,91.31548758,48.39546403560996,,201.3635999901453,True
Dad....jpg,jpegli,65,420,49087,31.766750069502358,75.51426946,35.4811451109165,,78.55970000673551,False
Dad....jpg,jpegli,83,420,67464,6.221851542952461,87.13285921,42.04747097459222,,64.42049999895971,False
Dad....jpg,jpegli,74,420,57318,20.32527105921601,79.83686639,37.944986339271736,,70.31510000524577,False
Dad....jpg,jpegli,78,420,62488,13.138726716708371,83.52388312,39.24975201726144,,71.60350000776816,False
Dad....jpg,jpegli,76,420,59410,17.417292187934386,80.86906926,38.37235539735445,,90.01370001351461,False
Dad....jpg,jpegli,75,420,58149,19.170141784820682,80.25653603,38.07853605680553,,102.81150000810158,False
Dad....jpg,jpegli,73,420,56051,22.086460939671948,79.26795838,37.69107233889622,,94.57750000001397,False
Dad....jpg,jpegli,77,420,60057,16.51793160967473,81.65880884,38.62824680612772,,84.09519999986514,False
Dad....jpg,jpegli,80,420,63894,11.18432026688907,84.65407711,40.240851845427855,,83.23460000974592,False
Dad....jpg,jpegli,81,420,65407,9.081178760077846,85.58284307,40.86111082608099,,74.37849999405444,False
Dad....jpg,jpegli,79,420,62888,12.582707812065607,83.76872378,39.544200900648995,,75.18129999516532,False
Dad....jpg,jpegli,82,420,66515,7.541006394217408,86.28426706,41.402707187770716,,78.45929999893997,False
Dad....jpg,jpegli,92,420,82114,-14.142340839588542,91.82717057,47.81370952158926,,60.22920001123566,True
Dad....jpg,jpegli,87,420,73524,-2.2018348623853212,89.74559899,44.28098993966407,,64.64109999069478,True
Dad....jpg,jpegli,85,420,70846,1.5207117041979412,88.5000209,43.153367733165815,,62.09560000570491,False
Dad....jpg,jpegli,84,420,69285,3.690575479566305,87.94086204,42.8748885474874,,62.54420000186656,False
Dad....jpg,jpegli,86,420,72374,-0.6032805115373963,89.34369213,44.00455409312447,,54.0669999900274,True
Dad....jpg,jpegli,89,420,77274,-7.414512093411174,90.63142765,46.067037376003114,,61.73130001116078,True
Dad....jpg,jpegli,88,420,76090,-5.768696135668616,90.36442687,45.31358504776339,,79.85569999436848,True
Dad....jpg,jpegli,90,420,78776,-9.502363080344733,90.90637197,46.19349356684736,,69.43269999464974,True
